label,horizon_sec,slots,num_jobs,num_nodes,num_edges,total_demand,max_flow_value,coverage_ratio,flow_algorithm,graph_build_sec,maxflow_sec,total_runtime_sec
24h,86400,1440,7555,198988,356777,359448.5460952605,226922.12453801895,0.6313062801424725,edmonds_karp,1.948268875,490.675818917,492.627554542
24h,86400,1440,7555,198988,356777,359448.5460952605,226922.12453801258,0.6313062801424547,preflow_push,1.906336500000009,11.827665083999989,13.737381666000033
