label,horizon_sec,slots,num_jobs,num_nodes,num_edges,total_demand,max_flow_value,coverage_ratio,flow_algorithm,graph_build_sec,maxflow_sec,total_runtime_sec
1h,3600,60,312,6080,23332,14778.382904434613,11499.114903444228,0.7781037328511524,edmonds_karp,0.15647275000000005,0.8629870409999999,1.0196299580000001
1h,3600,60,312,6080,23332,14778.382904434613,11499.114903444222,0.7781037328511521,preflow_push,0.1514534999999999,0.1472716249999999,0.29889387499999986
