label,horizon_sec,slots,num_jobs,num_nodes,num_edges,total_demand,max_flow_value,coverage_ratio,flow_algorithm,graph_build_sec,maxflow_sec,total_runtime_sec
10min,600,10,50,1018,2016,2316.77366846832,207.54580346930055,0.0895839789160391,edmonds_karp,0.005742958999999992,0.006316125000000006,0.01211283299999999
10min,600,10,50,1018,2016,2316.77366846832,207.54580346930055,0.0895839789160391,preflow_push,0.00948574999999996,0.007846291999999977,0.017371667000000035
