label,horizon_sec,slots,num_jobs,num_nodes,num_edges,total_demand,max_flow_value,coverage_ratio,flow_algorithm,graph_build_sec,maxflow_sec,total_runtime_sec
12h,43200,720,3775,72903,865192,179575.91039060973,150978.3754614212,0.8407496035131674,edmonds_karp,23.528476375,347.354352708,370.884940375
12h,43200,720,3775,72903,865192,179575.91039060973,150978.37546141885,0.8407496035131543,preflow_push,24.096459624999966,5.128564874999995,29.22710195899998
