label,horizon_sec,slots,num_jobs,num_nodes,num_edges,total_demand,max_flow_value,coverage_ratio,flow_algorithm,graph_build_sec,maxflow_sec,total_runtime_sec
6h,21600,360,1887,36455,298515,89783.7152880073,74922.44451427196,0.8344769903310026,edmonds_karp,5.8080360419999995,62.188097541999994,67.997338125
6h,21600,360,1887,36455,298515,89783.7152880073,74922.44451427332,0.8344769903310177,preflow_push,6.53252216700001,1.789418458,8.322932999999992
