label,horizon_sec,slots,num_jobs,num_nodes,num_edges,total_demand,max_flow_value,coverage_ratio,flow_algorithm,graph_build_sec,maxflow_sec,total_runtime_sec
24h,86400,1440,7555,145803,2150486,359448.5460952605,303554.81405830785,0.8445014379828935,edmonds_karp,99.325736291,3621.8708018750003,3721.200912083
24h,86400,1440,7555,145803,2150486,359448.5460952605,303554.81405831524,0.8445014379829141,preflow_push,106.87190787499958,52.29361129200015,159.18059274999996
