Nc,Ns,Nt,algorithm,battery_capacity_seconds,completed_job_ratio,completed_jobs,coverage_ratio,cpu_cycles_per_second,energy_per_cpu_cycle,horizon_label,horizon_sec,objective_mode,scenario,slot_len,slots,solver_status,wall_clock_sec
6,48,60,maxflow_preflow_push,2400,0.5268817204301075,98,0.5595472450782013,1000000000.0,1e-08,1h,3600,,baseline,60,60,,0.101131417
6,48,60,milp_small,2400,0.3763440860215054,70,0.5595472449842169,1000000000.0,1e-08,1h,3600,throughput,baseline,60,60,Optimal,0.3511116660000001
6,48,60,energy_first,2400,0.5,93,0.5531366880291464,1000000000.0,1e-08,1h,3600,,baseline,60,60,,0.0020090829999999116
6,48,60,edf,2400,0.0913978494623656,17,0.12767434269230823,1000000000.0,1e-08,1h,3600,,baseline,60,60,,0.0003767089999999751
6,48,60,random,2400,0.0913978494623656,17,0.12767434269230823,1000000000.0,1e-08,1h,3600,,baseline,60,60,,0.0011492499999999906
